"Line Item Text","Category"
"Zomato order #3452, Tandoori momos and cold drink ₹280","Food"
"Uber ride from work to home $12.50","Travel"
"BSNL Broadband monthly bill - Aug ₹750","Utilities"
"PVR Cinemas: ticket for Oppenheimer, 2 adults ₹600","Entertainment"
"Apollo Pharmacy: Paracetamol & Cough Syrup $15.75","Health"
"DMart: household groceries and toiletries ₹1245.50","Groceries"
"Coursera subscription renewal for Python course $49.00","Education"
"Amazon.in order #56789: Wireless Mouse ₹799","Shopping"
"Electricity Bill payable to TNEB ₹1500","Utilities"
"Spotify Premium subscription fee ₹129","Entertainment"
"Dr. Sharma - follow up appointment $30","Health"
"Netflix monthly charge $14.99","Entertainment"
"Swiggy order - pizza and drink ₹450","Food"
"Ola Auto ride to market $3.50","Travel"
"Vodafone prepaid recharge ₹199","Bills"
"Big Bazaar: rice, dal, oil ₹980","Groceries"
"Udemy course purchase: Data Science Fundamentals $10.99","Education"
"Flipkart order: T-shirt and jeans ₹1299","Shopping"
"Water bill payment for July ₹450","Utilities"
"Dominos: 2 medium pizzas, cheesy bread ₹850","Food"
"Bus ticket to Bangalore ₹800","Travel"
"Airtel Postpaid Bill ₹599","Bills"
"Reliance Fresh: vegetables & fruits ₹350.50","Groceries"
"Skillshare membership renewal $15","Education"
"Myntra order #2134: sneakers ₹2500","Shopping"
"Cinema ticket for Barbie $10","Entertainment"
"Clinic visit and medecine $25.50","Health"
"McDonald's: Big Mac meal ₹280","Food"
"Local taxi from airport $25","Travel"
"Gas bill - July ₹480","Utilities"
"Starbucks: coffee and muffin ₹200","Food"
"Gym membership fee ₹1500","Health"
"Bookmyshow tickets for Leo ₹500","Entertainment"
"LIC premium payment ₹3500","Bills"
"Grocery shopping at kirana store ₹750","Groceries"
"BYJU'S subscription ₹1800","Education"
"Zara: summer dress ₹1999","Shopping"
"Dental checkup and cleaning $50","Health"
"Biryani By Kilo order #543: mutton biryani ₹450","Food"
"Train ticket from Delhi to Jaipur ₹1200","Travel"
"Amazon Prime Video subscription ₹149","Entertainment"
"Phone bill (Jio) ₹399","Bills"
"FreshToHome: fresh fish ₹250","Groceries"
"Tutor fee for math lessons ₹1000","Education"
"SHEIN order: accessories ₹800","Shopping"
"Physiotherapy session $40","Health"
"KFC bucket meal ₹600","Food"
"Auto rickshaw fare ₹80","Travel"
"Internet bill payment ₹500","Utilities"
"Inox Cinema: 2 tickets, popcorne ₹700","Entertainment"
"Cure.fit subscription ₹2000","Health"
"Bigbasket order: weekly groceries ₹1100","Groceries"
"Duolingo Plus monthly fee $6.99","Education"
"Nykaa order #987: lipstick and foundation ₹899","Shopping"
"Prescription meds from local pharmacy $20","Health"
"MTR Restaurant: dosas and coffee ₹350","Food"
"Rapido bike taxi ₹60","Travel"
"Water & sewage bill ₹350","Utilities"
"Hotstar subscription ₹899","Entertainment"
"Doctor's visit at City Hospital $75","Health"
"Groceries from More Supermarket ₹500","Groceries"
"Chegg study subscription $15.95","Education"
"H&M order: two shirts ₹1499","Shopping"
"Zomato pro membership ₹99","Miscellaneous"
"Subway: footlong sub and drink ₹300","Food"
"Local bus ticket ₹15","Travel"
"Tata Sky DTH recharge ₹400","Bills"
"Grocery run at Reliance Fresh ₹600.25","Groceries"
"Vedantu tuition fees for science $25","Education"
"Pepperfry: side table ₹2999","Shopping"
"MRI scan at diagnostics lab $200","Health"
"Pizza Hut: family meal deal ₹950","Food"
"Airport shuttle bus ₹150","Travel"
"Postpaid Mobile Bill - BSNL ₹249","Bills"
"Vegetables from local vendor ₹200","Groceries"
"Library fine for overdue books ₹50","Education"
"Adidas: sports shoes ₹3500","Shopping"
"E-pharmacy order: vitamins ₹450","Health"
"Paradise Biryani: chicken biryani ₹350","Food"
"Inter-city bus ticket $20","Travel"
"Gas cylinder refill ₹950","Utilities"
"Amazon Fire Stick purchase ₹2500","Entertainment"
"Blood test at SRL diagnostics ₹800","Health"
"Kirana store shopping ₹300","Groceries"
"Khan Academy Gold subscription $10","Education"
"Westside: scarf and blouse ₹1100","Shopping"
"Medical checkup at clinic ₹600","Health"
"KFC burger and fries ₹250","Food"
"Train travel to hometown ₹400","Travel"
"Water Bill for flat #12 ₹420","Utilities"
"Airtel Xstream Fiber bill ₹799","Bills"
"Big Basket: fruits and juices ₹550","Groceries"
"School fees for October ₹3000","Education"
"Flipkart: headphone purchase ₹1899","Shopping"
"Dentist appointment ₹700","Health"
"Swiggy instamart order: milk, bread ₹150","Groceries"
"GoAir flight ticket to Mumbai ₹3500","Travel"
"Jio Fiber bill payment ₹999","Utilities"
"Amazon Prime subscription ₹1499","Entertainment"
"Gym membership renewal ₹2500","Health"
"Weekly market vegetables ₹200","Groceries"
"Tutoring session for physics $25","Education"
"Myntra order: jacket ₹2800","Shopping"
"Hospital bill for checkup ₹1500","Health"
"Starbucks coffee and bagel ₹280","Food"
"Bus pass for local commute ₹500","Travel"
"Electricity board bill, apartment no. 4 ₹1200","Utilities"
"Amazon Music subscription $7.99","Entertainment"
"Apollo Hospital consultation fee ₹900","Health"
"Fresh produce from local market ₹180","Groceries"
"Coursera course fee $59","Education"
"Zara: shoes and belt ₹2200","Shopping"
"Optician visit and glasses purchase $150","Health"
"Pizza from Dominoes ₹399","Food"
"Petrol for car ₹1500","Travel"
"Jio Prepaid Recharge ₹239","Bills"
"Grocery shopping at Safal store ₹340","Groceries"
"Library books subscription ₹200","Education"
"Flipkart order: book set ₹599","Shopping"
"Therapy session $60","Health"
"KFC family bucket meal ₹800","Food"
"Ola ride to city center ₹120","Travel"
"Mahanagar Gas bill ₹650","Utilities"
"Movie night on rented movie from Apple TV ₹250","Entertainment"
"Doctor's prescription refill $18.50","Health"
"Daily needs from local shop ₹100","Groceries"
"Online course on Udemy: photography $12.99","Education"
"H&M order: shirt ₹999","Shopping"
"Prescription medications ₹250","Health"
"Subway sandwich combo ₹250","Food"
"Public transport bus fare ₹20","Travel"
"Internet Bill to ACT Fibernet ₹800","Utilities"
"PVR Movie Tickets ₹400","Entertainment"
"Physiotherapy session #3 $35","Health"
"Vegetables & fruits from mandi ₹300","Groceries"
"School fees for my kid, John ₹2500","Education"
"Amazon: sports equipment ₹1500","Shopping"
"Dental visit for a filling $75","Health"
"Cafe Coffee Day: Latte and cake ₹300","Food"
"Airport cab fare ₹400","Travel"
"Electricity bill - June ₹1350","Utilities"
"Hotstar Premium subscription ₹299","Entertainment"
"Hospital admission charges ₹5000","Health"
"Household groceries from Big Bazaar ₹1100","Groceries"
"BYJU'S tuition fee ₹2000","Education"
"Myntra: sneakers ₹1999","Shopping"
"Chemist bill for medicines ₹450","Health"
"McDonald's burger and fries ₹220","Food"
"Bus ticket to Pune ₹750","Travel"
"Water bill payment for apartment ₹380","Utilities"
"Youtube Premium subscription ₹129","Entertainment"
"Dr. A.K. Singh consultation fee ₹600","Health"
"Milk and bread from local store ₹50","Groceries"
"Codecademy Pro subscription $19.99","Education"
"Shein order: dress and accessories ₹1200","Shopping"
"Blood test charges at Pathlab ₹500","Health"
"Biryani By Kilo order: veg biryani ₹300","Food"
"Local train fare ₹10","Travel"
"Gas bill - August ₹700","Utilities"
"Netflix subscription ₹499","Entertainment"
"Health check-up at hospital ₹1500","Health"
"Groceries from Big Basket ₹950","Groceries"
"Unacademy subscription renewal ₹500","Education"
"Westside order: shirt ₹899","Shopping"
"Prescription drugs from pharmacy ₹180","Health"
"Starbucks coffee and sandwich ₹350","Food"
"Uber ride to office ₹180","Travel"
"ACT Broadband bill ₹750","Utilities"
"Bookmyshow tickets for movie ₹650","Entertainment"
"Vaccination at clinic $25","Health"
"Daily groceries from local vendor ₹250","Groceries"
"Tutor's fee for maths class ₹800","Education"
"Amazon.in order: headphones ₹1200","Shopping"
"Ayurvedic clinic visit ₹400","Health"
"Food delivery from Swiggy ₹320","Food"
"Ola Auto fare ₹50","Travel"
"Jio Prepaid Mobile Recharge ₹149","Bills"
"Big Bazaar shopping ₹780","Groceries"
"Online course on edX ₹1000","Education"
"H&M order: skirt ₹1500","Shopping"
"Dental cleaning ₹800","Health"
"Dominos pizza and cold drink ₹450","Food"
"Intercity cab fare $40","Travel"
"Electricity bill for home ₹1400","Utilities"
"Hotstar subscription renewal ₹899","Entertainment"
"Doctor's consultation and medicines $30","Health"
"Weekly ration from grocery store ₹1000","Groceries"
"Unacademy Plus subscription ₹1500","Education"
"Myntra order: tshirt and shorts ₹1300","Shopping"
"Pharmacy bill for antibiotics ₹200","Health"
"KFC zinger burger and fries ₹280","Food"
"Airport taxi fare $30","Travel"
"Airtel Postpaid Bill ₹399","Bills"
"Reliance Fresh: vegetables ₹250","Groceries"
"Tutor fee for science lessons ₹1000","Education"
"Flipkart order: charging cable ₹499","Shopping"
"Therapy session with Dr. Smith $70","Health"
"Zomato: pasta and garlic bread ₹380","Food"
"Bus pass monthly subscription ₹800","Travel"
"Gas bill for gas cylinder ₹900","Utilities"
"Netflix subscription monthly ₹499","Entertainment"
"Doctor's checkup at clinic ₹500","Health"
"Groceries from DMart ₹1500","Groceries"
"Coursera course: machine learning $50","Education"
"Westside order: jacket ₹2999","Shopping"
"Dental clinic visit for checkup ₹700","Health"
"Subway: salad and drink ₹280","Food"
"Ola ride to airport $25","Travel"
"Internet Bill payment ₹600","Utilities"
"Amazon Prime Video rental ₹199","Entertainment"
"Prescription meds from chemist ₹120","Health"
"Monthly grocery shopping ₹1200","Groceries"
"School fees for my child ₹3000","Education"
"H&M order: jeans ₹1800","Shopping"
"Medical tests at lab ₹900","Health"
"Pizza Hut: pizza and pepsi ₹500","Food"
"Train ticket to Chennai ₹1500","Travel"
"BSNL broadband bill ₹750","Utilities"
"Bookmyshow movie tickets ₹450","Entertainment"
"Hospital bill payment for visit ₹1000","Health"
"Fresh vegetables from local market ₹220","Groceries"
"Udemy course on Python ₹699","Education"
"Myntra: casual shirt ₹899","Shopping"
"Doctor's visit fee $40","Health"
"Swiggy order: chicken biryani ₹350","Food"
"Uber from station to home $10","Travel"
"Water bill payment for august ₹450","Utilities"
"Spotify Premium subscription ₹129","Entertainment"
"Health checkup at Apollo clinic $150","Health"
"Kirana shop daily needs ₹150","Groceries"
"Vedantu tuition fees for science ₹1500","Education"
"Amazon order: power bank ₹1099","Shopping"
"Pharmacy: medicines ₹300","Health"
"Dominos: 2 pizzas and cheesy bread ₹800","Food"
"Bus ticket to work ₹20","Travel"
"Electricity bill payable to BESCOM ₹1100","Utilities"
"Youtube Premium monthly fee ₹129","Entertainment"
"Doctor's consultation fee ₹500","Health"
"Monthly Groceries from DMart ₹1500","Groceries"
"Coursera subscription renewal ₹3500","Education"
"Flipkart order: sandals ₹799","Shopping"
"Therapy session for anxiety $80","Health"
"Zomato delivery: noodles and coke ₹250","Food"
"Ola ride to the office $7.50","Travel"
"Gas bill from IGL ₹550","Utilities"
"Apple TV movie rental ₹150","Entertainment"
"Dental cleaning and checkup $65","Health"
"Groceries from local store ₹400","Groceries"
"BYJU'S subscription ₹2500","Education"
"Myntra order #2134: dress ₹1599","Shopping"
"Physiotherapy session #4 $45","Health"
"McDonald's Big Mac meal ₹290","Food"
"Airport shuttle bus fare ₹150","Travel"
"Airtel Postpaid Bill for August ₹599","Bills"
"Reliance Fresh: vegetables & fruits ₹350","Groceries"
"Tutor fee for maths ₹1000","Education"
"Westside: scarf and blouse ₹1100","Shopping"
"MRI scan at diagnostics lab ₹2000","Health"
"Pizza Hut: family meal deal ₹950","Food"
"Inter-city bus ticket $20","Travel"
"Gas cylinder refill ₹950","Utilities"
"Amazon Prime Video subscription ₹149","Entertainment"
"Blood test at SRL diagnostics ₹800","Health"
"Kirana store shopping ₹300","Groceries"
"Khan Academy Gold subscription $10","Education"
"H&M: scarf and blouse ₹1100","Shopping"
"Medical checkup at clinic ₹600","Health"
"KFC burger and fries ₹250","Food"
"Train travel to hometown ₹400","Travel"
"Water Bill for flat #12 ₹420","Utilities"
"Airtel Xstream Fiber bill ₹799","Bills"
"Big Basket: fruits and juices ₹550","Groceries"
"School fees for October ₹3000","Education"
"Flipkart: headphone purchase ₹1899","Shopping"
"Dr. Patel consultation fee ₹500","Health"
"Ola ride to Airport INR240","Travel"
"flipkart: Samsung Galaxy M31 - Rs.15499","Shopping"
"power bill - bses ₹1300","Utilities"
"big bazaar grocery - 2kg rice, $3.50","Groceries"
"Movie tkts PVR 3DX Rs.1100","Entertainment"
"Bookmyshow SPIDERMAN ticket 750","Entertainment"
"Uber Pool: Home>>Station 179 Rupees","Travel"
"Airtel Card recharge 349INR","Utilities"
"kfc - 6pc hotwings, 2 fries ₹590","Food"
"APOLLO PHARMACY bill no 778223 ₹1950","Health"
"swiggy: icecream sundae Rs.120","Food"
"IRCTC ticket AGC to NDL 410","Travel"
"Snapdeal wrist Watch Rs.799","Shopping"
"vodafone bill JUN 2025 999INR","Bills"
"Fresh Veg - Bigbasket Rs.420","Groceries"
"Dominos pizza - 2 large, coke 649","Food"
"Dr. Sharma conslt fee 850","Health"
"Uber Eats bhel-puri ₹70/-","Food"
"Amazonbasics HDMI cable $8.99","Shopping"
"Narula's monthly store groceries INR1054","Groceries"
"swiggy-- PAV BHAJI 225","Food"
"train ticket: vizag-chn PMD Rs370.50","Travel"
"Recharge vodafone Prepaid 299","Utilities"
"Titan Men's watch flipkart Rs.2599","Shopping"
"apple music subscription 99rs","Entertainment"
"reliance energy bill 1550 INR","Bills"
"Mumbai local pass 1 month Rs 600","Travel"
"Dr. singh - med consult: 400 rs.","Health"
"Reliance fresh - dal, atta, choco 615","Groceries"
"pvr gold ticket- INR 850","Entertainment"
"school fee - APRIL Rs.15000","Education"
"Amul Butter 500g ₹245, BB Daily","Groceries"
"book: atomic habits - Amazon 299Rs","Education"
"MNGL gas bill ₹634","Utilities"
"UberGo home to Gym - Rs 86","Travel"
"Tata Sky recharge 399INR","Utilities"
"bookmyshow Mirzapur S2 399","Entertainment"
"Recharge- Airtel, ₹249/-","Utilities"
"swiggy KFC thali 418 rs","Food"
"croma pen-drive 32gb Rs.520","Shopping"
"aurveda wellness massage ₹1050","Health"
"Grofers: Apple Fuji x6 ₹145","Groceries"
"feni bottle goa Rs.520","Miscellaneous"
"dr. varun gpt consultation 600rs","Health"
"Jaypee Greens maintenance bill rs 2350/-","Bills"
"Flipkart Smart Shoes Rs.1499","Shopping"
"Recharge ACT Fibernet Rs.1234","Utilities"
"Pizza hut - Dbl cheese pan ₹500","Food"
"doctor's prescription fee Rs:350","Health"
"Intercity cab Pune to Mumbai - 2750rs","Travel"
"petrol pump IOC gujarat 1040","Miscellaneous"
"swiggy - samosa INR92","Food"
"vodafone data plan 299INR","Utilities"
"Hyundai car service bill ₹8,400","Miscellaneous"
"WATER BILL 2Q25 404","Bills"
"air india flight DEL-BLR 8,920","Travel"
"school shoes Bata Rs.699","Shopping"
"future bazaar grocery Rs.450","Groceries"
"Recharge: BSNL Rs.199/-","Utilities"
"DTDC courier chennai 135 INR","Miscellaneous"
"StarBucks latte - Rs.320","Food"
"pvr popcorn and coke 210","Entertainment"
"Nature's Basket olive oil 498","Groceries"
"Anand grocery mart - pulses, Rs.242.7","Groceries"
"apple.com icloud 75₹ mo.","Entertainment"
"Home tutoring - math, 2hrs, 900 Rs","Education"
"Paytm gas bill payment 968","Bills"
"cab share goa route rs380","Travel"
"Recharge Vi prepaid rs 219","Utilities"
"Amazon Diapers Pampers pack of 3 - $24.48","Shopping"
"Patanjali Chyawanprash Rs.310","Health"
"namdhari fruits apricot 320","Groceries"
"pizza hut bill - 489 rs","Food"
"UberAUTO to Kalyan, ₹79/-","Travel"
"dd national dth, 350 INR","Utilities"
"school books set (CBSE) 1280","Education"
"bookmyshow Live music, Rs.1600","Entertainment"
"McDonald's bill mcChicken x2 Rs 189","Food"
"dr.review session 1, 400rs","Health"
"Flipkart bedsheets Rs.849/-","Shopping"
"swiggi - Chowmein, momos - ₹310","Food"
"indian oil gas cyl 1213.50","Utilities"
"porter goods movement 700 INR","Miscellaneous"
"Reebok gym Tshirt Rs.1200","Shopping"
"Star supermarket rice/lentil/veg 899","Groceries"
"party Hall rent, 12pm-3pm, 3300","Miscellaneous"
"oxford English learntutor 600","Education"
"Airtel DTH 499 ₹","Utilities"
"iris eye checkup 890","Health"
"boAt wireless headphones Rs.1,599","Shopping"
"Netflix susbcription 649","Entertainment"
"Mumbai BEST bus pass 350","Travel"
"MCD - fries, mcfloat - ₹239","Food"
"grofers- Dettol soap, 68rs","Groceries"
"snapdeal kurti 499 inr","Shopping"
"Monu kirana sugar, maida 285","Groceries"
"mahindra finance EMI 7,800","Bills"
"OLA Share home->office 120","Travel"
"car cleaning monthly ₹650","Miscellaneous"
"new college registration fee 24500","Education"
"PayTM mall school bag - 795","Education"
"swigy chinese combo 265","Food"
"local market milk 40/-","Groceries"
"sbi credit card dues 13,775","Bills"
"Recharge Jio ₹499","Utilities"
"sports direct football Rs.1700","Shopping"
"tatasky channel pack 320rs","Utilities"
"Bhavana chemist doctor bill 1120","Health"
"SwiggY pav-bhaji ₹130","Food"
"hand sanitizer, mask Sanjay Medico ₹ 120","Health"
"Hyderabad express ticket Rs.850","Travel"
"Water tank cleaning 350","Miscellaneous"
"Uber Pool Offc-home 85","Travel"
"sonyliv subscription 299","Entertainment"
"school bus fee 2900","Education"
"FabIndia kurta ₹2,250/-","Shopping"
"Recharge Airtel ₹199/-","Utilities"
"Nescafe vending mach bill 1,500","Miscellaneous"
"FlipkarT jeans wrangler 1199","Shopping"
"Swiggy-Rajma Rice x 2 Rs.260","Food"
"Bigbasket - curd, spinach ₹90","Groceries"
"LIC insurance premium 2,970","Bills"
"ZMT Aloo Paratha ₹120","Food"
"dr.sumit path lab test 760","Health"
"Vodafone postpaid bill 1,240","Bills"
"Pizza hut bill-Rs.695","Food"
"tupperware water bottle 320 INR","Shopping"
"jetairways DEL-KOLKATA, 13,400","Travel"
"amul milk x2 116₹","Groceries"
"ncert math book ₹380","Education"
"Reliance Digital fan Rs.1890","Shopping"
"Punjab Power Bill, 1,500INR","Bills"
"SmartWater dispenser refill 189","Miscellaneous"
"BIGBAZAAR Sooji, pasta, Rs 324.5","Groceries"
"DR. SMITH DENTIST 420/-","Health"
"Lenskart sunglass ₹2,999","Shopping"
"Recharge Tata Power 720","Utilities"
"acme internet bill ₹809","Utilities"
"syndicate bank cheque book 120rs","Miscellaneous"
"train ticket - NDLS-LKO ₹535","Travel"
"BookMyShow Sholey RELOADED 1,100","Entertainment"
"DMart apples, lettuce, Rs186","Groceries"
"iBall mouse amazon Rs.325/-","Shopping"
"doctor appt. fee ₹250","Health"
"IRCTC-CNB-AGC 2A, 740rs","Travel"
"Airtel Xstream fiber 699","Utilities"
"loan EMI 5,900 pm","Bills"
"Jio Top-Up 149","Utilities"
"olx home decor lamp 680 rs","Miscellaneous"
"swiggy Veg Momos Rs.78","Food"
"Decathlon racket Rs.700","Shopping"
"NCERT Science Book, 270rs","Education"
"Tanishq gold coin 15,500","Miscellaneous"
"mumbai express IRCTC ticket ₹495","Travel"
"pizza express bill: 425/=","Food"
"FBB Kurti Rs.799","Shopping"
"Medical store Anacin - Rs.58","Health"
"Recharge vodafone Rs 199/-","Utilities"
"game zone tokens ₹300","Entertainment"
"urbanclap sofa clean ₹699","Miscellaneous"
"Bata chappal Rs.359/-","Shopping"
"Kirana: maggi, biscuit, milk ₹128","Groceries"
"sbi banking stmt print 40","Miscellaneous"
"vodafone broadband bill 499 rs.","Utilities"
"Lenskart Eye Checkup 150","Health"
"Amazon kindle ebook 299.00","Education"
"Lee jeans Myntra Rs.2,099","Shopping"
"Dr. Shilpa consult - 300/-","Health"
"grocery shop potatoes 50, soap 34","Groceries"
"Fastag recharge 650","Utilities"
"Daily taxi home-office 230","Travel"
"school note books 320 rs","Education"
"saregama carvaan - Rs.2990","Entertainment"
"Paytm Postpaid bill ₹2,100","Bills"
"Uber Eats Chicken Mayo Sandwich 180","Food"
"PG hostel monthly fees 3900","Bills"
"Samsung A07 mobile 12,999","Shopping"
"Vodafone bill - 560/-","Utilities"
"snapdeal bedsheet ₹699","Shopping"
"swiggi - dabeli 65","Food"
"chemist - Vicks 28.oo","Health"
"Tata Cliq office chair Rs.3,500","Shopping"
"Faasos Butter chicken roll rs.172","Food"
"Aakash classes coaching fee rs 11200","Education"
"Zomato: Gulabjamun x3 156","Food"
"BSES summer electric bill rs2387.50","Utilities"
"central mall - perfume 1,950","Shopping"
"Dr. Patel consultation fee ₹500","Health"
"IRCTC train tkt BLR-MAS Rs. 1240","Travel"
"FLIPKART: Samsung mobile, 14699.00INR","Shopping"
"McDonald's value meal 2 x 185 ₹370","Food"
"Big bazaar groceries 1487.50rs","Groceries"
"Uber trip to airport $15.86","Travel"
"apple music subs. Jul 2025 - 99 rs","Entertainment"
"Electricity Bill TNEB 3250","Utilities"
"Google classroom - Exam Fee ₹3000","Education"
"JioPrepaid rechrg 555/-","Utilities"
"Recharge AIRTEL 299","Utilities"
"ent BookMyShow Joker Movie ₹210","Entertainment"
"Grocery: rice, dal, eggs ₹364","Groceries"
"Vodafone bill - 670.43Rs","Bills"
"Wine shop Merlot Rs 1990","Miscellaneous"
"gym membership Nov ₹1200","Health"
"Reliance Trends T-shirt 899rs","Shopping"
"ct railways SL berth 788₹","Travel"
"doctor ganesh fees 400/-","Health"
"KFC Combo meal - Rs.559","Food"
"Fruit bazaar apples 250","Groceries"
"Shoppers Stop DRESS 3,299.00","Shopping"
"Amazon EchoDot 2899INR","Shopping"
"BSNL landline bill Aug 690/-","Utilities"
"Tata Sky HD topup-₹200","Entertainment"
"DOMINOS margherita pizza 379rs","Food"
"Faber-Castell pens - ₹45","Education"
"Pharmacy: Crocin, ORS, Glucon D 213.50","Health"
"Onlinesbi yatra.com flight ticket ₹7,850","Travel"
"PayTM recharged jio 299.0","Utilities"
"swiggy order FRIED RICE 210rs","Food"
"UberPool home>office ₹89","Travel"
"Apollo hospital blood test ₹840.55","Health"
"Subway sub du jour - 215/-","Food"
"Stationery: notebooks ₹120","Education"
"Electricity bill KSEB Rs. 2853","Utilities"
"Netflix subs 149.00","Entertainment"
"daily veggies spinach, potato 78rs","Groceries"
"IRCTC CANCELLATION FEE ₹60","Travel"
"flipcart shoes 2460","Shopping"
"house rent 32000₹","Bills"
"Reliance fresh grocery 234.55","Groceries"
"PEPSI X 2, ₹70","Food"
"Taxi (meru) to CAFE Rs.455","Travel"
"LG WashingMachine repair Rs.1690","Utilities"
"croma speaker 2,099 INR","Shopping"
"BATA mens sandal-799","Shopping"
"Ola micro trip 109rs","Travel"
"swigy biryani ₹199","Food"
"OYO hotels Delhi 3800 rs","Travel"
"Renewal Manipal insurance 2500","Health"
"Airtel Bill paid 670.50","Utilities"
"Pizza hut 459.60","Food"
"spar hypermarket total 813","Groceries"
"Amz Prime subs Jul'25 ₹179.00","Entertainment"
"water bill BWSSB ₹435","Utilities"
"Reliance DIGITAL Headphones 2599","Shopping"
"Dr Shalini consultation 750 INR","Health"
"snacks, tea Rs 62","Food"
"Ration: Wheat, sugar, tea 508Rs","Groceries"
"School uniform 900/-","Education"
"tomato, onion 39.5","Groceries"
"Electricity Bill ₹1689/-","Bills"
"Book: Calculus ₹289.00","Education"
"bill pay vodafone postpaid 499","Bills"
"kfc krushers 110Rs","Food"
"Ola Outstation Mys-Chennai ₹3689","Travel"
"starbucks cappucino X1 210","Food"
"medplus - Combiflam 97Rs","Health"
"BSES Rajdhani elec. 2370.20","Utilities"
"ICICI FASTag Toll ₹480","Travel"
"Nike socks pair - 280rs","Shopping"
"Hotel Taj dinner ₹1,825","Food"
"Nature's Basket vegetables 524.45","Groceries"
"Recharge Jio 239rs","Utilities"
"School fee 2nd Qtr ₹15,450.00","Education"
"Boat Bluetooth Earphones 1,299.00","Shopping"
"Razorpay BookMyShow 455₹","Entertainment"
"Uber Eats sushi set 629","Food"
"Mother Dairy milk - 59","Groceries"
"Gas BGHL 983","Utilities"
"Kalyan Jewellers silver ring ₹1,299","Shopping"
"Online tuition classes ₹890","Education"
"TBZ GoldMaking Charges 2000Rs","Miscellaneous"
"ZMT order paneer tikka 299","Food"
"Ndtv dance prog pass 700","Entertainment"
"Children's book fair ₹620","Education"
"Medlife order 1,128.40","Health"
"Pantaloons kurti 1460Rs","Shopping"
"Flipkart SmartBuy mouse ₹385","Shopping"
"VEG ONLY thali- 179/-","Food"
"Car wash AutoSpa ₹600","Miscellaneous"
"Reliance Digital new charger Rs.499","Shopping"
"Maruti Insurance renewal Rs 15,000","Bills"
"Bigbasket spices, cereal, milk 1,180","Groceries"
"Bus Pass BMTC 1050","Travel"
"Tajmahal tea powder - 185","Groceries"
"Park+ Parking Monthly 1200Rs","Miscellaneous"
"UberGo BLR Airport-drop ₹1077","Travel"
"FreshMenu pasta ₹309","Food"
"Sony LED TV 27490","Shopping"
"Smiles Dental Cleaning 2,800","Health"
"Apollo Glucose Meter 895","Health"
"Milk, eggs, bread 104","Groceries"
"spencers cheese 230","Groceries"
"Internet recharge ACT 1257","Utilities"
"Recharge Airtel Data 399.0","Utilities"
"JioSaavn pro month 89/-","Entertainment"
"Zomato pepperoni pizzza 409","Food"
"Book Chkout: Python ₹650","Education"
"Sangeetha mobiles - sim ₹299","Shopping"
"FirstCry kids dress ₹1,699.00","Shopping"
"pantene shampoo 215","Shopping"
"Grocery daily Milk, Besan, Bon-Bon 232","Groceries"
"Home WiFi bill ₹705.23","Utilities"
"Ola mini, citycentre-mall Rs.210","Travel"
"Amul butter 52.5rs","Groceries"
"Sony Liv renew 299","Entertainment"
"EyeCheck Dr. Gupta ₹550","Health"
"PVR tickets (2) 340","Entertainment"
"Airtel Fiber 12mo. plan ₹7,999","Utilities"
"Holiday inn stay Pune ₹14,500","Travel"
"DMart groceries fruits, snacks ₹2,233","Groceries"
"HP gas refill 1,060Rs","Utilities"
"SG mobile cover 299","Shopping"
"BirYani Bliss Zomato 2x180=360","Food"
"Bata - school shoes 549","Shopping"
"OYO Room 3 nights 3946","Travel"
"Pampers diapers pack 599Rs","Shopping"
"Recharge Tata Sky 357/-","Entertainment"
"ICICI credit card bill 8,950.54","Bills"
"Spectacles LensKart ₹1890.0","Health"
"Shoppers Stop - linen pant 1699INR","Shopping"
"Curry House lunch ₹430","Food"
"Croma Laptop sleeve 999","Shopping"
"Kidzee fee Jul 7,800.00","Education"
"VodafoneDataPack 449.00","Utilities"
"PitStop car battery ₹6150","Miscellaneous"
"Dosa point 5 dosas ₹250","Food"
"Apple store charger 1999.00","Shopping"
"Recharge VI 209","Utilities"
"BookScrib: French ₹420","Education"
"Cafe Coffee Day cappu 120","Food"
"Dr. Muthu ortho 800/-","Health"
"Movie BMS Interstellar ₹295","Entertainment"
"patanjali soap X3 = 102","Shopping"
"Ezone smartfan 2590.0","Shopping"
"Travel IRCTC tatkal BLR-CHN 1985","Travel"
"Big bazar March groceries 1386.75","Groceries"
"Tablez mini fridge ₹7,799.00","Shopping"
"OYO Stay Mysore 2200","Travel"
"ajio hoodie 1190 Rs.","Shopping"
"hp ink cartridge 762/-","Shopping"
"Courier Bluedart to Kol 340","Miscellaneous"
"Uber Mumbai-Bandra 547","Travel"
"Domino's Nonveg meal 589₹","Food"
"Myntra Shorts 899.99INR","Shopping"
"Fresh2Home fish 420","Groceries"
"Reliance Energy Bill 2,520","Bills"
"Narayana tuition 3,500/-","Education"
"Ola Share Ofc->HSR 97","Travel"
"Online Yoga class ₹610","Health"
"Book: To Kill Mockngbrd ₹285","Education"
"restaurant INDIAN GRLL 2,100rs","Food"
"Jio recharge 719.00rs","Utilities"
"Dr Govil gynae 1200","Health"
"BMS movie spiderman 590","Entertainment"
"Bigbasket JAM, Butter 295","Groceries"
"D-Mart GROCERY 771.04","Groceries"
"Keventers smoothie ₹210","Food"
"Disney+ Hotstar Prem 1,499","Entertainment"
"Sony TV install 2100/-","Utilities"
"Croma pen drive 480Rs","Shopping"
"IRCTC Meal Rs.135","Food"
"xyz mart, banana 40","Groceries"
"Reliance mart umbrella 199.00","Shopping"
"Amul buttr 55","Groceries"
"Dermat Dr. Naha consltn 760","Health"
"OyoRoom INR 1750","Travel"
"Punjab Natl Bank education loan 24000 EMI","Bills"
"Protinex powder, Medplus 475Rs","Health"
"IRCTC tour package ₹18,050","Travel"
"*zmt masala dosa 170*","Food"
"Recharge aircell 102","Utilities"
"Flipkart kurta SET 1600","Shopping"
"Amazon Kindle eBook Rs.199","Education"
"Pharmacy Dettol & Paracetamol 117","Health"
"Dr. Patel consultation fee ₹500","Health"
"IRCTC ticket Delhi-Mumbai INR 1850","Travel"
"Airtel PREPAID rechrg 349rs","Utilities"
"Flipkart-Samsung Earbuds ₹2,299","Shopping"
"big bazar: 5kg atta Rs320","Groceries"
"Netflix subsc. Aug 2025   $7.99 ","Entertainment"
"tution fee - Maths Class ₹1,800","Education"
"light BILL july2025 INR 1350","Bills"
"KFC bill Chk Zinger X2 rs362","Food"
"Ola cab ride- Airport to Banjara- ₹700","Travel"
"applo hosp mri scan rs2,000","Health"
"FreshMart vegitables 384rs","Groceries"
"amazon.com print cartridge $29.99","Shopping"
"Bookmyshow: movie tkt 2 x 240 = ₹480","Entertainment"
"uber eats: pav bhaji, coke, ₹225","Food"
"hotel stay OYO inn 1 night rs1150","Travel"
"BYJU’s subscription 1M $12.00","Education"
"bsnl landline Jan2025 415 ₹ paid","Bills"
"Recharge Vodafone 488","Utilities"
"dettol soap 3x50grm ₹99","Groceries"
"Domino’s Med pizza combo 499₹","Food"
"Swiggy – masla Dosa ₹89","Food"
"Indane gas booking ₹950","Utilities"
"Lenskart – specs for dad Rs2,199","Shopping"
"curefit gYM pass 1month ₹999","Health"
"Pepperfry- office chair Rs5099","Shopping"
"hotstar Premium Year ₹1,499","Entertainment"
"Fresh2Home fish 520 Rupee","Groceries"
"badminton coaching Aug ₹600","Education"
"BB Daily eggs 1 tray ₹135","Groceries"
"Amul Taaza milk 2Lrs rs110","Groceries"
"McDonalds- mcaloo tikki x3 225","Food"
"Yatra Airlines Blore-Hyd 4567inr","Travel"
"BSES Rajdhani July-24 915INR","Bills"
"zoom cloud monthly $15.00","Entertainment"
"Salman MedStore: Saridon x2 ₹30","Health"
"idli sambar lunch canteen rs65","Food"
"Car fuel SHELL pump Rs3,100","Travel"
"Netmeds –paracetamol, cough sy. 164₹","Health"
"Recharge Jio 799 ₹","Utilities"
"Reliance trends: men’s kurta rs1499","Shopping"
"water bill sep 2025 643₹","Bills"
"Jockey- innerwear x2 ₹580","Shopping"
"PHILIPS LED Bulb Rs130","Shopping"
"mobile bill airtel Postpaid Rs429","Bills"
"Swiggi–PastaAlfredo, Coke ₹397","Food"
"Driver Tip ₹75 for Uber cab","Travel"
"grofers: mango 2kg 208","Groceries"
"bata- sports shoes INR 1,999","Shopping"
"Starbucks caffelatte tall 212Rs","Food"
"Reliance fresh – onions 1kg 58re","Groceries"
"AmazonBasics charger Rs289","Shopping"
"pizza hut veggie explsn ₹499","Food"
"book Show: concert 1250 Rs","Entertainment"
"MERU cabs Rs790 - ind-hybd","Travel"
"Medibuddy Doc video call ₹350","Health"
"Swiggy: MeduVada ₹45","Food"
"Spar Hyper banana 1.2kg ₹72","Groceries"
"direct2home DishTV 319.00","Utilities"
"Vijetha supermart: dal ₹107","Groceries"
"Kalyan Jewellers ring Rs12,599","Shopping"
"shoppers STOP perfume 2050","Shopping"
"bescom bill aug2025 ₹1580","Bills"
"RedBus BLR-GOA sleeper 985.00","Travel"
"Mahavir chemist – Volini ₹135","Health"
"Udemy online DataScience ₹449","Education"
"myclass edge class 760.5","Education"
"Recharge BSNL pre. 257₹","Utilities"
"Dominoz: peproni  med. pizza 589","Food"
"swgy-oodles noodles+spring rolls Rs215","Food"
"Lenskart lenscleaner 99","Shopping"
"Uber ride - drop Paul Rs233","Travel"
"google ONE cloud ₹130","Utilities"
"Grocery khata - 1200 pending","Groceries"
"AVIS rent a car, Mumbai, $40","Travel"
"National Library subs fee ₹100","Education"
"apollO checkup pkg 995","Health"
"Flipkart- 16GB pen drive ₹519","Shopping"
"e Learning portal Login ₹754","Education"
"mcdonalds Mcpuff 45Rs","Food"
"Bharti bill Jan2025 679.18","Bills"
"medplus INR.600 syrup","Health"
"Ola auto Rs154 indiranagar>koramangala","Travel"
"tata sky recharging ₹380","Utilities"
"Swiggy: biriyani ₹205","Food"
"Gini & Jony kids frock 999","Shopping"
"Reliance Fresh – Papaya 85","Groceries"
"Myntra–CargoPants Rs1899","Shopping"
"flip cart: eco water bottle 245","Shopping"
"KBC payment RealityShow ₹0","Miscellaneous"
"ICICI CC payment Rs2,500","Bills"
"bluestar Ro maintain Rs499","Utilities"
"hearing test Apollo ₹800","Health"
"g pay transfer 2k (unknown vendor)","Miscellaneous"
"VFS Visa fee $89","Travel"
"nandos peri peri meal ₹532","Food"
"Bookmyshow: Saket Theatre 650","Entertainment"
"urban ladder Shoerack Rs4980","Shopping"
"grocery khata settlement 1095","Groceries"
"FreshMenu chicken salad rs300","Food"
"swiggi order TandooriRotii ₹44","Food"
"Akash BYJU’S annual ₹19,999","Education"
"axis CC annual fee 499","Bills"
"amazon.in- yoga mat Rs329","Shopping"
"Tata Power elec. Bill 2341 ₹","Bills"
"rent payment Aug25 ₹11,200","Bills"
"Florence Hosp consult fee ₹750","Health"
"Star Bazaar: cabbage 38₹","Groceries"
"chemist-bill: Crocin/Avil ₹73","Health"
"apple TV+ subs. INR 99","Entertainment"
"pantaloons dress 1790","Shopping"
"Paytm metro TopUp 200 ","Travel"
"Milkbasket – 2L tonedmilk 124₹","Groceries"
"paypal donation-Red Cross $10","Miscellaneous"
"IRCTC: Goa-Trivandrm 2285rs","Travel"
"summer camp kids edu Rs2,000","Education"
"sweetmart pastry x4 120","Food"
"Uber Comfort - Pune 590","Travel"
"muscleblaze protien 2kg ₹1,799","Health"
"Ruchi bazaar: Toor dal 147","Groceries"
"momos street stall Rs67","Food"
"power bill April2025 1160","Bills"
"sastaSundar: bp machine 945 ₹","Health"
"vodaphone bill payd 375","Utilities"
"Barbeque Nation lunch bill 1280","Food"
"fbb kurta ₹1299","Shopping"
"Dmart-sugar 2kg ₹89","Groceries"
"BookmyShow concert pass ₹1300","Entertainment"
"swigg: dal khichdi ₹71","Food"
"Wakefit foam pillow 399INR","Shopping"
"Maruti service oilchange ₹1,250","Bills"
"beauty parlour hairspa 680rs","Miscellaneous"
"spotify family pack $14.99","Entertainment"
"taj hotel dinner 3,612.00","Food"
"train food bill 135","Food"
"reliance water bill 210.71","Bills"
"Himalaya face wash ₹185","Shopping"
"Foodpanda: mutton roll ₹107","Food"
"school books term1 1,300.00₹","Education"
"healthgeenie glucometer ₹599","Health"
"Boat wireless headset Rs749","Shopping"
"talwalkers fitness center 2150","Health"
"apollo covid RTPCR ₹1050","Health"
"sabyasachi saree ₹17,000","Shopping"
"indian bank cc annual fee ₹599","Bills"
"swiggi paneer butter masala 165","Food"
"LIC insurance prem. ₹8,440","Bills"
"zoom Video Webinar $40","Entertainment"
"whsmith - Harry Potter Book 429","Education"
"urbanclap ac repair 799","Miscellaneous"
"Carrefour - jam 2 jars 288₹","Groceries"
"Gas refill - HP 975.5rs","Utilities"
"Amul cheese slices 120g 82","Groceries"
"Dr Yadav XRay 350","Health"
"Uber Pool - Malad to Andheri, ₹124","Travel"
"uber tip 20.00","Travel"
"flipkart-smartwatch ₹2199","Shopping"
"simsim kurtis 3x ₹1,250","Shopping"
"ACT Fibernet Monthly 1,259rs","Utilities"
"FreshnGreen veg 780","Groceries"
"Croma-HomeAppl warranty ₹2,850","Shopping"
"Ola rental Pune- 6hrs Rs1299","Travel"
"swgi: egg roll 119₹","Food"
"IRCTC pantry tea + snack ₹80","Food"
"lenskart power lens pair ₹750","Shopping"
"vodafone 2590rc June2025","Bills"
"PG Entrance exam appn fee2,050₹","Education"
"tajmahal ticket INR 50","Entertainment"
"exide battery inverter ₹7,399","Shopping"
"Fair & Lovely facecream 83","Shopping"
"Kaveri hospital - blood test 400","Health"
"grocery Dmart: samosas 36pair ₹180","Groceries"
"Book fair children books Rs500","Education"
"sbi atm withdrawal charge 18","Miscellaneous"
"primevideo renewal ₹1,499yr","Entertainment"
"air india blr delhi ₹6,320","Travel"
"DailyNinja- spinach bunch 36₹","Groceries"
"UberPremier  BEG to patna rs432","Travel"
"medlife glucometer strips 299₹","Health"
"snickers bar 55gm ₹48","Groceries"
"himalaya neem face pack 98₹","Shopping"
"safarindia cab 219","Travel"
"nestaway rent comm 900.00","Bills"
"sarvana bhavan south meal ₹160","Food"
"Sony Liv year Pack 999","Entertainment"
"coaching fee Physics Rs1400","Education"
"street shop gift pen 40₹","Miscellaneous"
"bengal sweets rasgulla 210","Food"
"foodland papaya ₹72","Groceries"
"fitness trainer advance 3k","Health"
"Vodafone Postpaid 479.00","Bills"
"school uniform tailor 700","Education"
"Dr. Patel consultation fee ₹500","Health"
"Uber ride to airport $21.5","Travel"
"Airtel PREPAID recharge 299rs","Utilities"
"Flipkart - mi Band 5, ₹1899","Shopping"
"Bookmyshow-movie night ₹670","Entertainment"
"Amul Milk (1L) 2 pc ₹96","Groceries"
"Yoga class fees July 1000 INR","Health"
"ebill - BESCOM ₹980","Bills"
"Amazon.in - chemistry textbook ₹730","Education"
"Dominos pizza smeal large 499rs","Food"
"Ola Mini: Kormangala>MG rd 317","Travel"
"paytm water bill ₹360","Bills"
"apolo phcy - syrup 120ml 85","Health"
"Reebok sport shoes Rs3499","Shopping"
"Big Bazar: Rice 5kg ₹320","Groceries"
"Tata sky monthly sub.290INR","Utilities"
"swiggy- burger n fries 221","Food"
"Grofers: detergent x2 ₹270","Groceries"
"Netflix subscription* 649.00","Entertainment"
"Train ticket IRCTC 2S 189.50","Travel"
"McDonalds - mcspcy chkn m 265","Food"
"Vodafone dth recharge:290","Utilities"
"stationery- pens notebooks 78","Education"
"Park entry Tyagraj nagar 130","Entertainment"
"Paytm - elec bill APR ₹1753","Bills"
"Star Bazaar: Apple ₹129/kg","Groceries"
"Cinema-tckts, 2x 'jawan' 800R","Entertainment"
"Uber eats IDLI/VAda chutne 155","Food"
"Recharge-bsnl 222","Utilities"
"doc. consultaion: dr.kiran 350r","Health"
"Spencer’s 3L oil ₹420.00","Groceries"
"BYJU’S-Std 10th science 2100","Education"
"ZMT: PASTA 1 plate 210rs","Food"
"pvrpopcorncoke-210/ screen 3","Entertainment"
"MakeMyTrip- flights Del-blr ₹7600","Travel"
"Reliance fresh – Onions 2kg/99","Groceries"
"UrbanClap Home clean 899","Miscellaneous"
"swiggy bf_dosa 3x $5","Food"
"Snapdeal: shirt blue m ₹599","Shopping"
"croma-EarPods White 2799","Shopping"
"ONSITE AC SERVICE 1200inr","Miscellaneous"
"bsnl landline charges 525 Rs.","Bills"
"Starbucks Caramel Frappecino 345","Food"
"BookFair purchase - novel ₹380","Education"
"agoda hotel blr March 3700","Travel"
"healthkart vitamin tabs 650Rs","Health"
"Amazon Pantry Atta 10KG - 430","Groceries"
"Uber: MG->Jayanagar 310rs","Travel"
"tata sky hd box 1999","Entertainment"
"Big bazar Soap (5x58) ₹290","Groceries"
"Recharge tata docomo 155","Utilities"
"Apollo Dr Singh flu check 790","Health"
"Electricity Bill KEB 2023 ₹1870","Bills"
"Laptop bag Lenovo ₹1449","Shopping"
"medplus - cold tabs ₹78","Health"
"IRCTC TKT: NGP-MUM 2SL ₹1430","Travel"
"railtkt chd-ndls 2S/2x350","Travel"
"Zomato: dal khichdi + curd 210rs","Food"
"Decathlon yoga mat 550 rs.","Shopping"
"Airtel Fiber March ₹599","Utilities"
"Flipkart - zoology notes Rs410","Education"
"Ajio jacket men Black XXL :1199","Shopping"
"Reliance digital fan repair 620","Miscellaneous"
"byjus class 8 enrolment 4100r","Education"
"Recharge - jiofone 75INR","Utilities"
"d mart almonds 500g 365rs","Groceries"
"Ola Auto KR puram>whitefield 176","Travel"
"Sony headphones M4 9999rs","Shopping"
"Zmt peproni pizza slide - 232","Food"
"OYOHotel checkin 1N 1840Rs","Travel"
"Itunes music sub. Feb. ₹129.00","Entertainment"
"Airtel Data topup 1.5GB 58hi","Utilities"
"Reliance Fresh paneer 200g 102","Groceries"
"cafe coffee day cappuccino 151","Food"
"Bookmyshow theatre play 560","Entertainment"
"Recharge: voda 4G weekly 44rs","Utilities"
"Kirana shop - sugar ₹96","Groceries"
"Uber Pool Kmgla>BTM 112","Travel"
"colgate total green x2Rs164","Groceries"
"iTunes – App procreate $9.99","Entertainment"
"bngn train pass Aug 2200 INR","Travel"
"Tommy Hilfiger shirt 3899","Shopping"
"Swiggy chole bhature X3 282","Food"
"dr.vivek child vaccine 850r","Health"
"School fees term 2 ₹19,400","Education"
"Medplus thermomter 325","Health"
"Utility gas pipeline Nov 670","Utilities"
"PVR: Barbie Sun 2 tickets 650","Entertainment"
"Book Palace - Sat prep 799rs","Education"
"Uber XL BANG-MYS 1920.00","Travel"
"Recharge: Jio, 399, 84 days","Utilities"
"Reliance Mart - milk & curd 134","Groceries"
"Zomato: poke bowl / mango lassi 280","Food"
"Fabindia bedsheet 1249INR","Shopping"
"Fortis labs full body chk 1490","Health"
"electricity bill 1341april","Bills"
"Paytm fastag topup ₹600","Travel"
"Big Bazaar Rava 1kg @47","Groceries"
"Sangeetha Mobiles opp. Mall 11499","Shopping"
"Starbucks cookies+coffee ₹425","Food"
"Recharge TATA play monthly 299","Utilities"
"swiggy rajma chawal 170.50","Food"
"Trident hotel - 2N stay ₹12050","Travel"
"Bookmyshow - Joker 3dx 410Rs.","Entertainment"
"bill - upcl elec 1791 rS.","Bills"
"Redbus ticket pny-blr 599","Travel"
"Mi.com: Powerbank 10000mAh ₹1299","Shopping"
"Dr Lal Clinic - Sugar Test 370rs","Health"
"Grofers DettolL Soap 3*55 165R","Groceries"
"UN academy annual 3189.5","Education"
"tata sky kids ch. add 60","Entertainment"
"Keventers shake s.almond 189","Food"
"metro shoes brown Loafers 2099r","Shopping"
"Nagpur orange 1kg ₹85","Groceries"
"ebill - BWSSB Water May 325","Bills"
"IRCTC 3A ticket, hyd-bng 1627","Travel"
"50th anniv. cake bakery ₹799","Food"
"Vivo mobile cover 499 INR","Shopping"
"Recharge aircel 49rs","Utilities"
"dettol handwash refill 65rs","Groceries"
"pvr gold seat add ₹160","Entertainment"
"Ola seden Rajajinagar-Silk B 205","Travel"
"Kroger Fresh Chicken 1.2kg $5.40","Groceries"
"Swiggy: Paneer Masala Combo 255","Food"
"CT Scan (Apollo Hosp) ₹1800","Health"
"Netflix renewal 3m 1999","Entertainment"
"BookWorld - English Gram ₹370","Education"
"Uber - trip id 2130RT ₹315","Travel"
"Zomato: indchinese box ₹300","Food"
"Airtel Landline bill 455rs","Bills"
"Reebok gym T 999.00","Shopping"
"Bisleri 20L can 80rs.","Groceries"
"reliance digital - laptop 31990","Shopping"
"dabur honey 250g ₹110","Groceries"
"PhonePe recharge Jio Rs666","Utilities"
"Dr Sudha ENT consultation 800","Health"
"Myntra summer top pink XS 469","Shopping"
"Ola Micro sci-mysr- 1023r","Travel"
"Starbucks - Oat Latte + Wrap 498","Food"
"grocery mart - rice bran oil 1l 180","Groceries"
"FunCity Arcade 250rs.","Entertainment"
"Paytm Ebill KEB 1256.70","Bills"
"Mega Bytes - broadband 789inr","Utilities"
"H&M socks Mens 3pk 349","Shopping"
"Uber Eats: Palak Paneer 180","Food"
"Scholr App -Maths Crash 799","Education"
"fresh to home - fish 600g 299","Groceries"
"Paytm Water charge Dec 202.","Bills"
"Dr Sonal - dental cleaning ₹1200","Health"
"AmazonBasics pillow cover 349","Shopping"
"BurgerKing Cheese Whopper 189","Food"
"school kit bag + bottle 899","Education"
"Indigo flight 6E-241 9,350","Travel"
"SonyTV 43” smart ₹39,999","Shopping"
"Biryani Blues: Murg Tikka 385 Rs","Food"
"D-Mart: Atta + Dal 322.00","Groceries"
"DLF Cinema show 320","Entertainment"
"Recharge: VI 109 & cashback ₹10","Utilities"
"Anand Book Depot, 6th Sem 1190","Education"
"KFC dinner bucket Thursday 630","Food"
"Bigbasket - ghee 1L 490.99","Groceries"
"Columbia rain jacket M 4999","Shopping"
"Spotify Premium, annual ₹1299","Entertainment"
"Eureka Forbes water filter svc 420","Miscellaneous"
"Saravana Hospital blood work 900","Health"
"Uber outstation - BLR>coorg 3490","Travel"
"Recharge tata docomo 199","Utilities"
"swiggy-pav bhaji, ₹155","Food"
"Bata - chappal rs399","Shopping"
"Apple music subscription $1.29","Entertainment"
"Reliance digital HDMI cable 390R","Shopping"
"Tata Power bill-March 1558","Bills"
"Reliance Fresh - flour ₹80","Groceries"
"Big Basket - Sunflower Oil 1L ₹160","Groceries"
"Zmt Butter naan 2x 78","Food"